{
  "sensitivity": 2.4000000000000004,
  "rotationSpeed": 0.7000000000000001,
  "barWidth": 0.6,
  "ringOpacity": 0.7000000000000001,
  "bloomIntensity": 0.65,
  "visualizationMode": 3,
  "waveThickness": 0.9000000000000001,
  "innerDiameter": 0.75,
  "fadeWhenIdle": true,
  "useCustomColors": false,
  "customPrimaryColor": "#6750a4",
  "customSecondaryColor": "#625b71"
}
