{
  "sensitivity": 1.8,
  "rotationSpeed": 0.7000000000000001,
  "barWidth": 0.6,
  "ringOpacity": 0.6000000000000001,
  "bloomIntensity": 0.6000000000000001,
  "visualizationMode": 4,
  "waveThickness": 0.8,
  "innerDiameter": 0.6000000000000001,
  "fadeWhenIdle": true,
  "useCustomColors": false,
  "customPrimaryColor": "#645e48",
  "customSecondaryColor": "#ccc6ba"
}
